Workbook

Sheet Invitati
A1: Nome | B1: Cognome | C1: Fascia | D1: Dieta | E1: Seggiolone | F1: Allergia – Glutine (cereali) | G1: Allergia – Crostacei | H1: Allergia – Uova | I1: Allergia – Pesce | J1: Allergia – Arachidi | K1: Allergia – Soia | L1: Allergia – Latte e derivati | M1: Allergia – Frutta a guscio | N1: Allergia – Sedano | O1: Allergia – Senape | P1: Allergia – Sesamo | Q1: Allergia – Solfiti | R1: Allergia – Lupini | S1: Allergia – Molluschi | T1: Intolleranza – Celiachia | U1: Intolleranza – Lattosio | V1: Intolleranza – Nichel | W1: Intolleranza – Istamina | X1: Intolleranza – Fruttosio | Y1: Intolleranza – Favismo | Z1: Intolleranza – Gravidanza | AA1: Intolleranza – Funghi | AB1: Altre allergie / intolleranze (scrivere) | AC1: Note per la cucina | AD1: Nome completo | AE1: Stato tavolo
AD2: =IF(OR(A2<>"",B2<>""),TRIM(A2&" "&B2),"") | AE2: =IF(AD2="","",IF(COUNTIF(Tavoli!$E$2:$AB$41,AD2)=0,"Da assegnare",IF(COUNTIF(Tavoli!$E$2:$AB$41,AD2)>1,"DUPLICATO","Tavolo "&SUMPRODUCT((Tavoli!$E$2:$AB$41=AD2)*Tavoli!$A$2:$A$41))))
AD3: =IF(OR(A3<>"",B3<>""),TRIM(A3&" "&B3),"") | AE3: =IF(AD3="","",IF(COUNTIF(Tavoli!$E$2:$AB$41,AD3)=0,"Da assegnare",IF(COUNTIF(Tavoli!$E$2:$AB$41,AD3)>1,"DUPLICATO","Tavolo "&SUMPRODUCT((Tavoli!$E$2:$AB$41=AD3)*Tavoli!$A$2:$A$41))))
AD4: =IF(OR(A4<>"",B4<>""),TRIM(A4&" "&B4),"") | AE4: =IF(AD4="","",IF(COUNTIF(Tavoli!$E$2:$AB$41,AD4)=0,"Da assegnare",IF(COUNTIF(Tavoli!$E$2:$AB$41,AD4)>1,"DUPLICATO","Tavolo "&SUMPRODUCT((Tavoli!$E$2:$AB$41=AD4)*Tavoli!$A$2:$A$41))))
AD5: =IF(OR(A5<>"",B5<>""),TRIM(A5&" "&B5),"") | AE5: =IF(AD5="","",IF(COUNTIF(Tavoli!$E$2:$AB$41,AD5)=0,"Da assegnare",IF(COUNTIF(Tavoli!$E$2:$AB$41,AD5)>1,"DUPLICATO","Tavolo "&SUMPRODUCT((Tavoli!$E$2:$AB$41=AD5)*Tavoli!$A$2:$A$41))))
AD6: =IF(OR(A6<>"",B6<>""),TRIM(A6&" "&B6),"") | AE6: =IF(AD6="","",IF(COUNTIF(Tavoli!$E$2:$AB$41,AD6)=0,"Da assegnare",IF(COUNTIF(Tavoli!$E$2:$AB$41,AD6)>1,"DUPLICATO","Tavolo "&SUMPRODUCT((Tavoli!$E$2:$AB$41=AD6)*Tavoli!$A$2:$A$41))))
AD7: =IF(OR(A7<>"",B7<>""),TRIM(A7&" "&B7),"") | AE7: =IF(AD7="","",IF(COUNTIF(Tavoli!$E$2:$AB$41,AD7)=0,"Da assegnare",IF(COUNTIF(Tavoli!$E$2:$AB$41,AD7)>1,"DUPLICATO","Tavolo "&SUMPRODUCT((Tavoli!$E$2:$AB$41=AD7)*Tavoli!$A$2:$A$41))))
AD8: =IF(OR(A8<>"",B8<>""),TRIM(A8&" "&B8),"") | AE8: =IF(AD8="","",IF(COUNTIF(Tavoli!$E$2:$AB$41,AD8)=0,"Da assegnare",IF(COUNTIF(Tavoli!$E$2:$AB$41,AD8)>1,"DUPLICATO","Tavolo "&SUMPRODUCT((Tavoli!$E$2:$AB$41=AD8)*Tavoli!$A$2:$A$41))))
AD9: =IF(OR(A9<>"",B9<>""),TRIM(A9&" "&B9),"") | AE9: =IF(AD9="","",IF(COUNTIF(Tavoli!$E$2:$AB$41,AD9)=0,"Da assegnare",IF(COUNTIF(Tavoli!$E$2:$AB$41,AD9)>1,"DUPLICATO","Tavolo "&SUMPRODUCT((Tavoli!$E$2:$AB$41=AD9)*Tavoli!$A$2:$A$41))))
AD10: =IF(OR(A10<>"",B10<>""),TRIM(A10&" "&B10),"") | AE10: =IF(AD10="","",IF(COUNTIF(Tavoli!$E$2:$AB$41,AD10)=0,"Da assegnare",IF(COUNTIF(Tavoli!$E$2:$AB$41,AD10)>1,"DUPLICATO","Tavolo "&SUMPRODUCT((Tavoli!$E$2:$AB$41=AD10)*Tavoli!$A$2:$A$41))))
AD11: =IF(OR(A11<>"",B11<>""),TRIM(A11&" "&B11),"") | AE11: =IF(AD11="","",IF(COUNTIF(Tavoli!$E$2:$AB$41,AD11)=0,"Da assegnare",IF(COUNTIF(Tavoli!$E$2:$AB$41,AD11)>1,"DUPLICATO","Tavolo "&SUMPRODUCT((Tavoli!$E$2:$AB$41=AD11)*Tavoli!$A$2:$A$41))))
AD12: =IF(OR(A12<>"",B12<>""),TRIM(A12&" "&B12),"") | AE12: =IF(AD12="","",IF(COUNTIF(Tavoli!$E$2:$AB$41,AD12)=0,"Da assegnare",IF(COUNTIF(Tavoli!$E$2:$AB$41,AD12)>1,"DUPLICATO","Tavolo "&SUMPRODUCT((Tavoli!$E$2:$AB$41=AD12)*Tavoli!$A$2:$A$41))))
AD13: =IF(OR(A13<>"",B13<>""),TRIM(A13&" "&B13),"") | AE13: =IF(AD13="","",IF(COUNTIF(Tavoli!$E$2:$AB$41,AD13)=0,"Da assegnare",IF(COUNTIF(Tavoli!$E$2:$AB$41,AD13)>1,"DUPLICATO","Tavolo "&SUMPRODUCT((Tavoli!$E$2:$AB$41=AD13)*Tavoli!$A$2:$A$41))))
... AD301: =IF(OR(A301<>"",B301<>""),TRIM(A301&" "&B301),"") | AE301: =IF(AD301="","",IF(COUNTIF(Tavoli!$E$2:$AB$41,AD301)=0,"Da assegnare",IF(COUNTIF(Tavoli!$E$2:$AB$41,AD301)>1,"DUPLICATO","Tavolo "&SUMPRODUCT((Tavoli!$E$2:$AB$41=AD301)*Tavoli!$A$2:$A$41))))

Sheet Tavoli
A1: N. tavolo | B1: Nome tavolo (facoltativo) | C1: Forma tavolo | D1: N. posti | E1: Posto 1 | F1: Posto 2 | G1: Posto 3 | H1: Posto 4 | I1: Posto 5 | J1: Posto 6 | K1: Posto 7 | L1: Posto 8 | M1: Posto 9 | N1: Posto 10 | O1: Posto 11 | P1: Posto 12 | Q1: Posto 13 | R1: Posto 14 | S1: Posto 15 | T1: Posto 16 | U1: Posto 17 | V1: Posto 18 | W1: Posto 19 | X1: Posto 20 | Y1: Posto 21 | Z1: Posto 22 | AA1: Posto 23 | AB1: Posto 24 | AC1: Occupati | AD1: Controllo
A2: 1 | AC2: =COUNTA(E2:AB2) | AD2: =IF(AND(C2="",D2="",AC2=0),"",IF(OR(C2="",D2=""),"Indicare forma e posti",IF(AC2>D2,"Troppi invitati",IF(AC2<D2,"Posti liberi: "&(D2-AC2),"OK"))))
A3: 2 | AC3: =COUNTA(E3:AB3) | AD3: =IF(AND(C3="",D3="",AC3=0),"",IF(OR(C3="",D3=""),"Indicare forma e posti",IF(AC3>D3,"Troppi invitati",IF(AC3<D3,"Posti liberi: "&(D3-AC3),"OK"))))
A4: 3 | AC4: =COUNTA(E4:AB4) | AD4: =IF(AND(C4="",D4="",AC4=0),"",IF(OR(C4="",D4=""),"Indicare forma e posti",IF(AC4>D4,"Troppi invitati",IF(AC4<D4,"Posti liberi: "&(D4-AC4),"OK"))))
A5: 4 | AC5: =COUNTA(E5:AB5) | AD5: =IF(AND(C5="",D5="",AC5=0),"",IF(OR(C5="",D5=""),"Indicare forma e posti",IF(AC5>D5,"Troppi invitati",IF(AC5<D5,"Posti liberi: "&(D5-AC5),"OK"))))
A6: 5 | AC6: =COUNTA(E6:AB6) | AD6: =IF(AND(C6="",D6="",AC6=0),"",IF(OR(C6="",D6=""),"Indicare forma e posti",IF(AC6>D6,"Troppi invitati",IF(AC6<D6,"Posti liberi: "&(D6-AC6),"OK"))))
A7: 6 | AC7: =COUNTA(E7:AB7) | AD7: =IF(AND(C7="",D7="",AC7=0),"",IF(OR(C7="",D7=""),"Indicare forma e posti",IF(AC7>D7,"Troppi invitati",IF(AC7<D7,"Posti liberi: "&(D7-AC7),"OK"))))
A8: 7 | AC8: =COUNTA(E8:AB8) | AD8: =IF(AND(C8="",D8="",AC8=0),"",IF(OR(C8="",D8=""),"Indicare forma e posti",IF(AC8>D8,"Troppi invitati",IF(AC8<D8,"Posti liberi: "&(D8-AC8),"OK"))))
A9: 8 | AC9: =COUNTA(E9:AB9) | AD9: =IF(AND(C9="",D9="",AC9=0),"",IF(OR(C9="",D9=""),"Indicare forma e posti",IF(AC9>D9,"Troppi invitati",IF(AC9<D9,"Posti liberi: "&(D9-AC9),"OK"))))
A10: 9 | AC10: =COUNTA(E10:AB10) | AD10: =IF(AND(C10="",D10="",AC10=0),"",IF(OR(C10="",D10=""),"Indicare forma e posti",IF(AC10>D10,"Troppi invitati",IF(AC10<D10,"Posti liberi: "&(D10-AC10),"OK"))))
A11: 10 | AC11: =COUNTA(E11:AB11) | AD11: =IF(AND(C11="",D11="",AC11=0),"",IF(OR(C11="",D11=""),"Indicare forma e posti",IF(AC11>D11,"Troppi invitati",IF(AC11<D11,"Posti liberi: "&(D11-AC11),"OK"))))
A12: 11 | AC12: =COUNTA(E12:AB12) | AD12: =IF(AND(C12="",D12="",AC12=0),"",IF(OR(C12="",D12=""),"Indicare forma e posti",IF(AC12>D12,"Troppi invitati",IF(AC12<D12,"Posti liberi: "&(D12-AC12),"OK"))))
A13: 12 | AC13: =COUNTA(E13:AB13) | AD13: =IF(AND(C13="",D13="",AC13=0),"",IF(OR(C13="",D13=""),"Indicare forma e posti",IF(AC13>D13,"Troppi invitati",IF(AC13<D13,"Posti liberi: "&(D13-AC13),"OK"))))
... A41: 40 | AC41: =COUNTA(E41:AB41) | AD41: =IF(AND(C41="",D41="",AC41=0),"",IF(OR(C41="",D41=""),"Indicare forma e posti",IF(AC41>D41,"Troppi invitati",IF(AC41<D41,"Posti liberi: "&(D41-AC41),"OK"))))

Sheet Leggimi
B2: L A S T E L L A
B3: N E W C O N C E P T B A N Q U E T I N G
B5: Elenco invitati e disposizione ai tavoli
B7: Come si compila | C7: Compilate i due fogli in ordine: prima «Invitati», poi «Tavoli». Poi rimandateci il file così com'è (non cambiate nomi dei fogli o l'ordine delle colonne).
B8: 1 · Foglio «Invitati» | C8: Una riga per persona: Nome, Cognome, Fascia (Adulto / Bambino / Neonato) e, se serve, Dieta. Mettete una X nelle colonne delle ALLERGIE (rosso) e delle INTOLLERANZE (giallo) che riguardano quella persona. Per tutto il resto usate le due colonne di testo a destra.
B9: Fascia | C9: Adulto · Bambino con menù bimbi (circa 3-10 anni) · Neonato con pappe della mamma (0-2 anni) · Staff (fotografo, musicisti, wedding planner… che siedono a tavola). Tutti occupano un posto a tavola.
B10: Seggiolone | C10: Mettete una X per i bambini che hanno bisogno di un seggiolone: va comunicato almeno 15 giorni prima.
B11: Dieta | C11: Vegetariano · Vegano · Fruttariano · Pescetariano · Crudista · Halal · Kosher. Lasciate vuoto se nessuna.
B12: Allergie | C12: Sono i 14 allergeni a dichiarazione obbligatoria (Reg. UE 1169/2011). Una allergia è un rischio per la salute: segnalatela sempre, anche se lieve.
B13: Intolleranze | C13: Celiachia, lattosio, nichel, istamina, fruttosio, favismo, gravidanza, funghi. Se manca la vostra, scrivetela in «Altre allergie / intolleranze». Per allergie e intolleranze la cucina prepara un'alternativa al menù principale, senza che dobbiate cambiare le ricette scelte.
B14: 2 · Foglio «Tavoli» | C14: Per ogni tavolo: scegliete la FORMA (Tondo o Rettangolare/imperiale), indicate il NUMERO DI POSTI e poi, nelle colonne «Posto 1…», scegliete dal menu a tendina il nome dell'invitato (l'elenco si alimenta da «Invitati»).
B15: Tavoli tondi | C15: Da un minimo di 8 a un massimo di 11 persone per tavolo (bambini e neonati compresi). I posti sono numerati in senso orario partendo dal posto 1.
B16: Tavoli rettangolari | C16: I posti si dividono sui due lati lunghi: dal posto 1 si riempie il lato superiore da sinistra a destra (metà posti, +1 se dispari), poi il lato inferiore da sinistra a destra.
B17: Controlli automatici | C17: Colonna «Controllo»: segnala posti liberi / troppi invitati. Un nome ripetuto in due posti diventa rosso. In «Invitati» l'ultima colonna dice se la persona è già assegnata a un tavolo.
B18: Scadenze | C18: Da inviare a info@cateringlastella.com almeno 15 giorni prima dell'evento: numero definitivo di partecipanti (adulti, staff, bambini, neonati), allergie e intolleranze, composizione e nomi dei tavoli, seggiolini, attrezzatura per altri fornitori, eventuali extra time. Le scelte di allestimento vanno confermate entro la data indicata dal vostro referente.
B20: Riepilogo automatico
B21: Invitati inseriti | C21: =SUMPRODUCT(--(Invitati!$A$2:$A$301&Invitati!$B$2:$B$301<>""))
B22: di cui adulti | C22: =COUNTIF(Invitati!$C$2:$C$301,"Adulto")
B23: di cui bambini | C23: =COUNTIF(Invitati!$C$2:$C$301,"Bambino")
B24: di cui neonati | C24: =COUNTIF(Invitati!$C$2:$C$301,"Neonato")
B25: di cui staff | C25: =COUNTIF(Invitati!$C$2:$C$301,"Staff")
B26: Seggioloni richiesti | C26: =COUNTIF(Invitati!$E$2:$E$301,"X")
B27: Tavoli compilati | C27: =COUNTIF(Tavoli!$D$2:$D$41,">0")
B28: Posti totali | C28: =SUM(Tavoli!$D$2:$D$41)
B29: Invitati ancora da assegnare | C29: =COUNTIF(Invitati!$AE$2:$AE$301,"Da assegnare")
B30: Segnalazioni di allergia (totale X) | C30: =COUNTIF(Invitati!$F$2:$S$301,"X")
B32: Per qualsiasi dubbio: info@cateringlastella.com · +39 339 385 8184
